timestamp,class,confidence,x,y,w,h,action,height,temp,speed_x,speed_y,speed_z,flight_time,battery,flight_id,video_path,detection_id
1758700795.075482,0,0.8040374517440796,604,265,122,186,move_right,40,81.0,0,0,0,279,66,flight-005,/Users/vishwanibhagya/Development/Capturing Video/DJITelloPy/djitellopy/dataset/flight-005/session_2025-09-24_16-59-46.avi,flight-005_00000
1758700797.32815,0,0.7738733887672424,576,273,109,185,move_forward,50,81.5,0,0,0,281,66,flight-005,/Users/vishwanibhagya/Development/Capturing Video/DJITelloPy/djitellopy/dataset/flight-005/session_2025-09-24_16-59-46.avi,flight-005_00001
1758700799.3364348,0,0.8135225176811218,584,245,121,193,move_right,40,80.5,0,0,0,284,66,flight-005,/Users/vishwanibhagya/Development/Capturing Video/DJITelloPy/djitellopy/dataset/flight-005/session_2025-09-24_16-59-46.avi,flight-005_00002
1758700802.353896,0,0.7611013054847717,585,248,107,186,move_right,40,80.0,0,0,0,286,66,flight-005,/Users/vishwanibhagya/Development/Capturing Video/DJITelloPy/djitellopy/dataset/flight-005/session_2025-09-24_16-59-46.avi,flight-005_00003
1758700804.27441,0,0.7937924265861511,562,260,108,182,move_forward,40,80.0,0,0,0,289,66,flight-005,/Users/vishwanibhagya/Development/Capturing Video/DJITelloPy/djitellopy/dataset/flight-005/session_2025-09-24_16-59-46.avi,flight-005_00004
1758700814.767675,0,0.7895117402076721,559,253,113,188,move_forward,40,79.5,0,0,0,291,66,flight-005,/Users/vishwanibhagya/Development/Capturing Video/DJITelloPy/djitellopy/dataset/flight-005/session_2025-09-24_16-59-46.avi,flight-005_00005
1758700817.006739,0,0.7871460914611816,653,270,109,207,move_right,40,77.5,0,0,0,301,63,flight-005,/Users/vishwanibhagya/Development/Capturing Video/DJITelloPy/djitellopy/dataset/flight-005/session_2025-09-24_16-59-46.avi,flight-005_00006
1758700819.109519,0,0.84321129322052,586,266,133,206,move_right,40,77.0,0,0,0,303,62,flight-005,/Users/vishwanibhagya/Development/Capturing Video/DJITelloPy/djitellopy/dataset/flight-005/session_2025-09-24_16-59-46.avi,flight-005_00007
1758700821.400896,0,0.8559717535972595,541,277,132,209,move_forward,40,77.0,0,0,0,305,62,flight-005,/Users/vishwanibhagya/Development/Capturing Video/DJITelloPy/djitellopy/dataset/flight-005/session_2025-09-24_16-59-46.avi,flight-005_00008
1758700823.512112,0,0.8696004748344421,505,271,142,227,move_forward,50,76.5,0,0,0,308,61,flight-005,/Users/vishwanibhagya/Development/Capturing Video/DJITelloPy/djitellopy/dataset/flight-005/session_2025-09-24_16-59-46.avi,flight-005_00009
1758700825.40521,0,0.9079205989837646,479,232,166,247,move_forward,40,76.5,0,0,0,310,61,flight-005,/Users/vishwanibhagya/Development/Capturing Video/DJITelloPy/djitellopy/dataset/flight-005/session_2025-09-24_16-59-46.avi,flight-005_00010
1758700827.30863,0,0.907110333442688,468,265,177,274,move_forward,40,76.5,0,0,0,312,61,flight-005,/Users/vishwanibhagya/Development/Capturing Video/DJITelloPy/djitellopy/dataset/flight-005/session_2025-09-24_16-59-46.avi,flight-005_00011
1758700829.202131,0,0.8946171998977661,477,292,182,295,move_forward,40,76.5,0,0,0,314,60,flight-005,/Users/vishwanibhagya/Development/Capturing Video/DJITelloPy/djitellopy/dataset/flight-005/session_2025-09-24_16-59-46.avi,flight-005_00012
1758700831.103062,0,0.901484191417694,479,304,185,319,move_forward,40,76.0,0,0,0,316,60,flight-005,/Users/vishwanibhagya/Development/Capturing Video/DJITelloPy/djitellopy/dataset/flight-005/session_2025-09-24_16-59-46.avi,flight-005_00013
1758700833.006476,0,0.9078317880630492,478,319,178,342,move_forward,40,75.5,0,0,0,317,60,flight-005,/Users/vishwanibhagya/Development/Capturing Video/DJITelloPy/djitellopy/dataset/flight-005/session_2025-09-24_16-59-46.avi,flight-005_00014
1758700834.7918668,0,0.9097272753715516,462,325,206,371,move_forward,40,75.5,0,0,0,319,60,flight-005,/Users/vishwanibhagya/Development/Capturing Video/DJITelloPy/djitellopy/dataset/flight-005/session_2025-09-24_16-59-46.avi,flight-005_00015
1758700837.099743,0,0.9118639826774596,710,385,276,667,move_right,40,74.5,0,0,0,321,59,flight-005,/Users/vishwanibhagya/Development/Capturing Video/DJITelloPy/djitellopy/dataset/flight-005/session_2025-09-24_16-59-46.avi,flight-005_00016
1758700840.070504,0,0.5103223919868469,935,567,47,306,move_right,50,75.0,0,0,0,324,59,flight-005,/Users/vishwanibhagya/Development/Capturing Video/DJITelloPy/djitellopy/dataset/flight-005/session_2025-09-24_16-59-46.avi,flight-005_00017
1758700345.439801,0,0.8620882034301758,325,412,176,379,move_left,50,76.0,0,0,0,104,92,flight-002,/Users/vishwanibhagya/Development/Capturing Video/DJITelloPy/djitellopy/dataset/flight-002/session_2025-09-24_16-52-14.avi,flight-002_00000
1758700347.215178,0,0.7215016484260559,368,283,120,154,move_left,50,76.0,0,0,0,104,92,flight-002,/Users/vishwanibhagya/Development/Capturing Video/DJITelloPy/djitellopy/dataset/flight-002/session_2025-09-24_16-52-14.avi,flight-002_00001
1758700349.279536,0,0.8514518737792969,428,406,182,390,move_forward,50,75.0,0,0,0,108,92,flight-002,/Users/vishwanibhagya/Development/Capturing Video/DJITelloPy/djitellopy/dataset/flight-002/session_2025-09-24_16-52-14.avi,flight-002_00002
1758700351.60149,0,0.8574610352516174,420,432,195,401,move_forward,50,76.0,0,0,0,110,92,flight-002,/Users/vishwanibhagya/Development/Capturing Video/DJITelloPy/djitellopy/dataset/flight-002/session_2025-09-24_16-52-14.avi,flight-002_00003
1758700353.712116,0,0.9004315733909607,405,450,212,428,move_forward,50,75.0,0,0,0,112,92,flight-002,/Users/vishwanibhagya/Development/Capturing Video/DJITelloPy/djitellopy/dataset/flight-002/session_2025-09-24_16-52-14.avi,flight-002_00004
1758700355.834423,0,0.8837153911590576,385,478,218,446,move_forward,50,74.5,0,0,0,114,92,flight-002,/Users/vishwanibhagya/Development/Capturing Video/DJITelloPy/djitellopy/dataset/flight-002/session_2025-09-24_16-52-14.avi,flight-002_00005
1758700357.6541162,0,0.5693403482437134,431,326,143,191,move_forward,50,74.5,0,0,0,114,92,flight-002,/Users/vishwanibhagya/Development/Capturing Video/DJITelloPy/djitellopy/dataset/flight-002/session_2025-09-24_16-52-14.avi,flight-002_00006
1758700360.0736132,0,0.9082791209220886,338,494,254,447,move_left,60,74.5,0,0,0,118,92,flight-002,/Users/vishwanibhagya/Development/Capturing Video/DJITelloPy/djitellopy/dataset/flight-002/session_2025-09-24_16-52-14.avi,flight-002_00007
1758700362.1970088,0,0.5935803651809692,394,337,154,200,move_forward,60,74.5,0,0,0,118,92,flight-002,/Users/vishwanibhagya/Development/Capturing Video/DJITelloPy/djitellopy/dataset/flight-002/session_2025-09-24_16-52-14.avi,flight-002_00008
1758700364.097687,0,0.9071042537689208,417,505,299,430,move_forward,50,74.0,0,0,0,123,91,flight-002,/Users/vishwanibhagya/Development/Capturing Video/DJITelloPy/djitellopy/dataset/flight-002/session_2025-09-24_16-52-14.avi,flight-002_00009
1758700365.918424,0,0.5776212215423584,456,308,132,158,move_forward,50,74.0,0,0,0,123,91,flight-002,/Users/vishwanibhagya/Development/Capturing Video/DJITelloPy/djitellopy/dataset/flight-002/session_2025-09-24_16-52-14.avi,flight-002_00010
1758700367.928794,0,0.9082474708557128,372,479,348,478,move_left,50,74.0,0,0,0,126,90,flight-002,/Users/vishwanibhagya/Development/Capturing Video/DJITelloPy/djitellopy/dataset/flight-002/session_2025-09-24_16-52-14.avi,flight-002_00011
1758700369.850307,0,0.5496054887771606,413,292,143,189,move_forward,50,74.0,0,0,0,126,90,flight-002,/Users/vishwanibhagya/Development/Capturing Video/DJITelloPy/djitellopy/dataset/flight-002/session_2025-09-24_16-52-14.avi,flight-002_00012
1758700371.580301,0,0.9007970094680786,444,506,386,425,move_forward,50,75.0,0,0,0,130,89,flight-002,/Users/vishwanibhagya/Development/Capturing Video/DJITelloPy/djitellopy/dataset/flight-002/session_2025-09-24_16-52-14.avi,flight-002_00013
1758700373.795887,0,0.9105308651924132,420,509,444,420,move_forward,50,74.5,0,0,0,132,89,flight-002,/Users/vishwanibhagya/Development/Capturing Video/DJITelloPy/djitellopy/dataset/flight-002/session_2025-09-24_16-52-14.avi,flight-002_00014
1758700375.71942,0,0.6808847784996033,464,329,136,184,move_forward,50,74.5,0,0,0,132,89,flight-002,/Users/vishwanibhagya/Development/Capturing Video/DJITelloPy/djitellopy/dataset/flight-002/session_2025-09-24_16-52-14.avi,flight-002_00015
1758700377.86031,0,0.7419827580451965,260,616,255,205,move_left,60,74.5,0,0,0,136,88,flight-002,/Users/vishwanibhagya/Development/Capturing Video/DJITelloPy/djitellopy/dataset/flight-002/session_2025-09-24_16-52-14.avi,flight-002_00016
1758700379.781242,0,0.6649696230888367,439,441,196,227,move_forward,60,74.5,0,0,0,136,88,flight-002,/Users/vishwanibhagya/Development/Capturing Video/DJITelloPy/djitellopy/dataset/flight-002/session_2025-09-24_16-52-14.avi,flight-002_00017
1758700381.9874492,0,0.876987874507904,313,569,336,299,move_left,50,74.0,0,0,0,140,87,flight-002,/Users/vishwanibhagya/Development/Capturing Video/DJITelloPy/djitellopy/dataset/flight-002/session_2025-09-24_16-52-14.avi,flight-002_00018
1758700384.010069,0,0.8371418714523315,494,384,181,215,move_forward,50,74.0,0,0,0,140,87,flight-002,/Users/vishwanibhagya/Development/Capturing Video/DJITelloPy/djitellopy/dataset/flight-002/session_2025-09-24_16-52-14.avi,flight-002_00019
1758700386.424038,0,0.8611672520637512,526,432,233,253,move_forward,50,74.0,0,0,0,144,86,flight-002,/Users/vishwanibhagya/Development/Capturing Video/DJITelloPy/djitellopy/dataset/flight-002/session_2025-09-24_16-52-14.avi,flight-002_00020
1758700388.516938,0,0.764074444770813,516,491,259,375,move_forward,50,74.0,0,0,0,147,86,flight-002,/Users/vishwanibhagya/Development/Capturing Video/DJITelloPy/djitellopy/dataset/flight-002/session_2025-09-24_16-52-14.avi,flight-002_00021
1758700390.539478,0,0.8550340533256531,501,512,281,412,move_forward,50,74.0,0,0,0,149,86,flight-002,/Users/vishwanibhagya/Development/Capturing Video/DJITelloPy/djitellopy/dataset/flight-002/session_2025-09-24_16-52-14.avi,flight-002_00022
1758700392.541674,0,0.8352176547050476,491,528,305,381,move_forward,50,73.0,0,0,0,151,86,flight-002,/Users/vishwanibhagya/Development/Capturing Video/DJITelloPy/djitellopy/dataset/flight-002/session_2025-09-24_16-52-14.avi,flight-002_00023
1758700394.445072,0,0.8059228658676147,462,550,328,337,move_forward,50,73.0,0,0,0,153,85,flight-002,/Users/vishwanibhagya/Development/Capturing Video/DJITelloPy/djitellopy/dataset/flight-002/session_2025-09-24_16-52-14.avi,flight-002_00024
1758700396.661759,0,0.8806336522102356,491,552,361,333,move_forward,50,74.0,0,0,0,155,85,flight-002,/Users/vishwanibhagya/Development/Capturing Video/DJITelloPy/djitellopy/dataset/flight-002/session_2025-09-24_16-52-14.avi,flight-002_00025
1758700399.164202,0,0.6621085405349731,523,621,315,196,move_forward,50,73.0,0,0,0,158,85,flight-002,/Users/vishwanibhagya/Development/Capturing Video/DJITelloPy/djitellopy/dataset/flight-002/session_2025-09-24_16-52-14.avi,flight-002_00026
1758700401.183036,0,0.5155532956123352,601,669,188,99,move_right,50,73.5,0,0,0,160,84,flight-002,/Users/vishwanibhagya/Development/Capturing Video/DJITelloPy/djitellopy/dataset/flight-002/session_2025-09-24_16-52-14.avi,flight-002_00027
1758700403.1864069,0,0.8185110092163086,300,622,241,194,move_left,50,73.0,0,0,0,162,84,flight-002,/Users/vishwanibhagya/Development/Capturing Video/DJITelloPy/djitellopy/dataset/flight-002/session_2025-09-24_16-52-14.avi,flight-002_00028
1758700405.504238,0,0.657378077507019,452,621,217,196,move_forward,50,73.5,0,0,0,164,84,flight-002,/Users/vishwanibhagya/Development/Capturing Video/DJITelloPy/djitellopy/dataset/flight-002/session_2025-09-24_16-52-14.avi,flight-002_00029
1758700603.6530402,0,0.8162608742713928,524,290,109,197,move_forward,90,86.0,0,0,0,201,76,flight-003,/Users/vishwanibhagya/Development/Capturing Video/DJITelloPy/djitellopy/dataset/flight-003/session_2025-09-24_16-56-32.avi,flight-003_00000
1758700660.688517,0,0.7803049683570862,437,275,166,220,move_forward,60,85.0,0,0,0,216,75,flight-004,/Users/vishwanibhagya/Development/Capturing Video/DJITelloPy/djitellopy/dataset/flight-004/session_2025-09-24_16-57-31.avi,flight-004_00000
1758700662.930374,0,0.7882837057113647,446,273,173,235,move_forward,50,84.0,0,0,0,219,75,flight-004,/Users/vishwanibhagya/Development/Capturing Video/DJITelloPy/djitellopy/dataset/flight-004/session_2025-09-24_16-57-31.avi,flight-004_00001
1758700665.240276,0,0.8839229345321655,453,304,187,255,move_forward,60,83.5,0,0,0,221,75,flight-004,/Users/vishwanibhagya/Development/Capturing Video/DJITelloPy/djitellopy/dataset/flight-004/session_2025-09-24_16-57-31.avi,flight-004_00002
1758700667.4663308,0,0.7825742363929749,434,306,186,274,move_forward,60,82.5,0,0,0,223,75,flight-004,/Users/vishwanibhagya/Development/Capturing Video/DJITelloPy/djitellopy/dataset/flight-004/session_2025-09-24_16-57-31.avi,flight-004_00003
1758700669.285752,0,0.9110544919967652,394,322,152,293,move_forward,60,82.5,0,0,0,225,75,flight-004,/Users/vishwanibhagya/Development/Capturing Video/DJITelloPy/djitellopy/dataset/flight-004/session_2025-09-24_16-57-31.avi,flight-004_00004
1758700671.263144,0,0.8893873691558838,381,329,170,312,move_forward,60,82.0,0,0,0,227,75,flight-004,/Users/vishwanibhagya/Development/Capturing Video/DJITelloPy/djitellopy/dataset/flight-004/session_2025-09-24_16-57-31.avi,flight-004_00005
1758700673.267691,0,0.9151418805122375,368,343,181,337,move_left,60,81.0,0,0,0,229,75,flight-004,/Users/vishwanibhagya/Development/Capturing Video/DJITelloPy/djitellopy/dataset/flight-004/session_2025-09-24_16-57-31.avi,flight-004_00006
1758700675.372651,0,0.9246923923492432,424,346,178,343,move_forward,60,81.0,0,0,0,231,74,flight-004,/Users/vishwanibhagya/Development/Capturing Video/DJITelloPy/djitellopy/dataset/flight-004/session_2025-09-24_16-57-31.avi,flight-004_00007
1758700677.781413,0,0.925102472305298,414,331,193,368,move_forward,50,80.5,0,0,0,233,74,flight-004,/Users/vishwanibhagya/Development/Capturing Video/DJITelloPy/djitellopy/dataset/flight-004/session_2025-09-24_16-57-31.avi,flight-004_00008
1758700679.3659809,0,0.903172731399536,435,368,208,406,move_forward,60,79.5,0,0,0,236,73,flight-004,/Users/vishwanibhagya/Development/Capturing Video/DJITelloPy/djitellopy/dataset/flight-004/session_2025-09-24_16-57-31.avi,flight-004_00009
1758700681.231487,0,0.9188438653945924,413,408,235,462,move_forward,60,80.0,0,0,0,237,72,flight-004,/Users/vishwanibhagya/Development/Capturing Video/DJITelloPy/djitellopy/dataset/flight-004/session_2025-09-24_16-57-31.avi,flight-004_00010
1758700682.968653,0,0.89860999584198,422,451,265,527,move_forward,60,80.0,0,0,0,239,72,flight-004,/Users/vishwanibhagya/Development/Capturing Video/DJITelloPy/djitellopy/dataset/flight-004/session_2025-09-24_16-57-31.avi,flight-004_00011
1758700684.9693792,0,0.9035688042640686,387,468,337,502,move_forward,60,79.0,0,0,0,241,72,flight-004,/Users/vishwanibhagya/Development/Capturing Video/DJITelloPy/djitellopy/dataset/flight-004/session_2025-09-24_16-57-31.avi,flight-004_00012
1758700686.9744158,0,0.9257280826568604,348,456,397,526,move_left,60,79.0,0,0,0,243,71,flight-004,/Users/vishwanibhagya/Development/Capturing Video/DJITelloPy/djitellopy/dataset/flight-004/session_2025-09-24_16-57-31.avi,flight-004_00013
1758700688.9838688,0,0.9093856811523438,445,413,417,610,move_forward,50,78.5,0,0,0,245,71,flight-004,/Users/vishwanibhagya/Development/Capturing Video/DJITelloPy/djitellopy/dataset/flight-004/session_2025-09-24_16-57-31.avi,flight-004_00014
1758700690.977126,0,0.8975784778594971,425,428,476,579,move_forward,60,78.0,0,0,0,247,70,flight-004,/Users/vishwanibhagya/Development/Capturing Video/DJITelloPy/djitellopy/dataset/flight-004/session_2025-09-24_16-57-31.avi,flight-004_00015
1758700693.0408351,0,0.921001136302948,396,462,537,514,move_forward,60,78.0,0,0,0,249,70,flight-004,/Users/vishwanibhagya/Development/Capturing Video/DJITelloPy/djitellopy/dataset/flight-004/session_2025-09-24_16-57-31.avi,flight-004_00016
1758700695.7217312,0,0.915507435798645,355,490,632,457,move_left,60,78.0,0,0,0,251,70,flight-004,/Users/vishwanibhagya/Development/Capturing Video/DJITelloPy/djitellopy/dataset/flight-004/session_2025-09-24_16-57-31.avi,flight-004_00017
1758700698.212062,0,0.8797363638877869,500,452,683,533,move_forward,60,77.5,0,0,0,253,69,flight-004,/Users/vishwanibhagya/Development/Capturing Video/DJITelloPy/djitellopy/dataset/flight-004/session_2025-09-24_16-57-31.avi,flight-004_00018
1758700700.688414,0,0.8835681080818176,428,428,824,579,move_forward,60,76.0,0,0,0,256,69,flight-004,/Users/vishwanibhagya/Development/Capturing Video/DJITelloPy/djitellopy/dataset/flight-004/session_2025-09-24_16-57-31.avi,flight-004_00019
1758700702.150045,0,0.5904200077056885,72,672,144,94,move_left,70,76.0,0,0,0,258,68,flight-004,/Users/vishwanibhagya/Development/Capturing Video/DJITelloPy/djitellopy/dataset/flight-004/session_2025-09-24_16-57-31.avi,flight-004_00020
1758700197.3400068,0,0.859870195388794,486,298,111,134,move_forward,70,61.0,0,0,0,7,100,flight-001,/Users/vishwanibhagya/Development/Capturing Video/DJITelloPy/djitellopy/dataset/flight-001/session_2025-09-24_16-49-47.avi,flight-001_00000
1758700199.8567932,0,0.800240159034729,473,300,118,141,move_forward,80,62.0,0,0,0,10,100,flight-001,/Users/vishwanibhagya/Development/Capturing Video/DJITelloPy/djitellopy/dataset/flight-001/session_2025-09-24_16-49-47.avi,flight-001_00001
1758700202.467307,0,0.8222478032112122,478,324,127,152,move_forward,80,62.0,0,0,0,12,100,flight-001,/Users/vishwanibhagya/Development/Capturing Video/DJITelloPy/djitellopy/dataset/flight-001/session_2025-09-24_16-49-47.avi,flight-001_00002
1758700205.5814242,0,0.8323753476142883,476,331,123,157,move_forward,80,62.5,1,0,0,15,100,flight-001,/Users/vishwanibhagya/Development/Capturing Video/DJITelloPy/djitellopy/dataset/flight-001/session_2025-09-24_16-49-47.avi,flight-001_00003
1758700207.892028,0,0.7657082080841064,458,326,143,163,move_forward,80,63.0,1,0,0,18,100,flight-001,/Users/vishwanibhagya/Development/Capturing Video/DJITelloPy/djitellopy/dataset/flight-001/session_2025-09-24_16-49-47.avi,flight-001_00004
1758700210.717312,0,0.8201891779899597,459,321,168,181,move_forward,80,64.0,0,0,0,20,100,flight-001,/Users/vishwanibhagya/Development/Capturing Video/DJITelloPy/djitellopy/dataset/flight-001/session_2025-09-24_16-49-47.avi,flight-001_00005
1758700213.305254,0,0.876579761505127,465,318,165,189,move_forward,80,64.0,0,0,0,23,100,flight-001,/Users/vishwanibhagya/Development/Capturing Video/DJITelloPy/djitellopy/dataset/flight-001/session_2025-09-24_16-49-47.avi,flight-001_00006
1758700216.01179,0,0.861499011516571,467,320,175,203,move_forward,80,64.5,0,0,0,26,100,flight-001,/Users/vishwanibhagya/Development/Capturing Video/DJITelloPy/djitellopy/dataset/flight-001/session_2025-09-24_16-49-47.avi,flight-001_00007
1758700218.822023,0,0.8642127513885498,471,323,179,201,move_forward,70,65.0,1,0,0,28,100,flight-001,/Users/vishwanibhagya/Development/Capturing Video/DJITelloPy/djitellopy/dataset/flight-001/session_2025-09-24_16-49-47.avi,flight-001_00008
1758700221.364807,0,0.8753975033760071,483,335,188,220,move_forward,70,66.0,0,0,0,31,100,flight-001,/Users/vishwanibhagya/Development/Capturing Video/DJITelloPy/djitellopy/dataset/flight-001/session_2025-09-24_16-49-47.avi,flight-001_00009
1758700223.8735769,0,0.8478087186813354,501,339,175,229,move_forward,70,66.0,0,0,0,34,100,flight-001,/Users/vishwanibhagya/Development/Capturing Video/DJITelloPy/djitellopy/dataset/flight-001/session_2025-09-24_16-49-47.avi,flight-001_00010
1758700226.777003,0,0.8433915972709656,512,369,185,242,move_forward,80,66.5,1,0,0,36,100,flight-001,/Users/vishwanibhagya/Development/Capturing Video/DJITelloPy/djitellopy/dataset/flight-001/session_2025-09-24_16-49-47.avi,flight-001_00011
1758700229.377059,0,0.7560997009277344,525,383,201,254,move_forward,80,67.0,0,0,0,39,100,flight-001,/Users/vishwanibhagya/Development/Capturing Video/DJITelloPy/djitellopy/dataset/flight-001/session_2025-09-24_16-49-47.avi,flight-001_00012
1758700231.978739,0,0.8379399180412292,544,408,223,297,move_forward,80,67.0,1,0,0,42,100,flight-001,/Users/vishwanibhagya/Development/Capturing Video/DJITelloPy/djitellopy/dataset/flight-001/session_2025-09-24_16-49-47.avi,flight-001_00013
1758700234.587458,0,0.8788055777549744,554,441,244,330,move_forward,80,67.0,0,0,0,44,100,flight-001,/Users/vishwanibhagya/Development/Capturing Video/DJITelloPy/djitellopy/dataset/flight-001/session_2025-09-24_16-49-47.avi,flight-001_00014
1758700237.2986,0,0.873907744884491,573,459,257,359,move_forward,80,67.0,0,0,0,47,100,flight-001,/Users/vishwanibhagya/Development/Capturing Video/DJITelloPy/djitellopy/dataset/flight-001/session_2025-09-24_16-49-47.avi,flight-001_00015
1758700240.004726,0,0.884443998336792,668,504,377,361,move_right,80,67.5,0,0,0,50,100,flight-001,/Users/vishwanibhagya/Development/Capturing Video/DJITelloPy/djitellopy/dataset/flight-001/session_2025-09-24_16-49-47.avi,flight-001_00016
1758700243.106633,0,0.8532910346984863,499,520,265,328,move_forward,80,67.0,0,0,0,52,100,flight-001,/Users/vishwanibhagya/Development/Capturing Video/DJITelloPy/djitellopy/dataset/flight-001/session_2025-09-24_16-49-47.avi,flight-001_00017
1758700245.9147892,0,0.8655785918235779,521,542,312,354,move_forward,80,67.0,0,0,0,55,100,flight-001,/Users/vishwanibhagya/Development/Capturing Video/DJITelloPy/djitellopy/dataset/flight-001/session_2025-09-24_16-49-47.avi,flight-001_00018
1758700248.544694,0,0.7831109762191772,687,516,546,404,move_right,70,68.0,1,0,0,58,100,flight-001,/Users/vishwanibhagya/Development/Capturing Video/DJITelloPy/djitellopy/dataset/flight-001/session_2025-09-24_16-49-47.avi,flight-001_00019
1758700253.075637,0,0.5136047005653381,520,561,413,316,move_forward,80,68.0,0,0,0,61,100,flight-001,/Users/vishwanibhagya/Development/Capturing Video/DJITelloPy/djitellopy/dataset/flight-001/session_2025-09-24_16-49-47.avi,flight-001_00020
1758700255.592026,0,0.8901760578155518,529,569,295,300,move_forward,70,69.0,1,0,0,65,100,flight-001,/Users/vishwanibhagya/Development/Capturing Video/DJITelloPy/djitellopy/dataset/flight-001/session_2025-09-24_16-49-47.avi,flight-001_00021
1758700257.990815,0,0.7399977445602417,515,610,289,217,move_forward,80,68.5,1,0,0,68,100,flight-001,/Users/vishwanibhagya/Development/Capturing Video/DJITelloPy/djitellopy/dataset/flight-001/session_2025-09-24_16-49-47.avi,flight-001_00022
1758700261.3941498,0,0.7216954827308655,553,602,359,233,move_forward,80,68.5,0,0,0,71,100,flight-001,/Users/vishwanibhagya/Development/Capturing Video/DJITelloPy/djitellopy/dataset/flight-001/session_2025-09-24_16-49-47.avi,flight-001_00023
1758700265.59203,0,0.5924620032310486,580,657,184,124,move_forward,80,69.0,0,0,0,75,100,flight-001,/Users/vishwanibhagya/Development/Capturing Video/DJITelloPy/djitellopy/dataset/flight-001/session_2025-09-24_16-49-47.avi,flight-001_00024
1758700267.977752,0,0.7545537352561951,591,651,195,135,move_right,70,69.0,1,0,0,78,100,flight-001,/Users/vishwanibhagya/Development/Capturing Video/DJITelloPy/djitellopy/dataset/flight-001/session_2025-09-24_16-49-47.avi,flight-001_00025
1758700270.633596,0,0.5835949182510376,396,625,180,187,move_forward,80,69.5,0,0,0,81,100,flight-001,/Users/vishwanibhagya/Development/Capturing Video/DJITelloPy/djitellopy/dataset/flight-001/session_2025-09-24_16-49-47.avi,flight-001_00026
1758700273.4892318,0,0.6208834052085876,366,663,206,111,move_left,80,69.5,0,0,0,84,100,flight-001,/Users/vishwanibhagya/Development/Capturing Video/DJITelloPy/djitellopy/dataset/flight-001/session_2025-09-24_16-49-47.avi,flight-001_00027
1758700275.8995368,0,0.5898144245147705,545,627,199,184,move_forward,70,70.0,0,0,0,86,100,flight-001,/Users/vishwanibhagya/Development/Capturing Video/DJITelloPy/djitellopy/dataset/flight-001/session_2025-09-24_16-49-47.avi,flight-001_00028
1758700279.902996,0,0.5232861638069153,518,685,205,68,move_forward,80,70.0,0,0,0,90,98,flight-001,/Users/vishwanibhagya/Development/Capturing Video/DJITelloPy/djitellopy/dataset/flight-001/session_2025-09-24_16-49-47.avi,flight-001_00029
1758700282.999715,manual,1.0,-1,-1,-1,-1,manual_land,80,70.0,0,0,0,90,98,flight-001,/Users/vishwanibhagya/Development/Capturing Video/DJITelloPy/djitellopy/dataset/flight-001/session_2025-09-24_16-49-47.avi,flight-001_00030
1758700914.285884,0,0.8011319041252136,533,268,122,200,move_forward,60,80.0,0,0,0,337,56,flight-006,/Users/vishwanibhagya/Development/Capturing Video/DJITelloPy/djitellopy/dataset/flight-006/session_2025-09-24_17-01-46.avi,flight-006_00000
1758700916.15954,0,0.8539737462997437,538,264,137,214,move_forward,50,80.0,0,0,0,339,56,flight-006,/Users/vishwanibhagya/Development/Capturing Video/DJITelloPy/djitellopy/dataset/flight-006/session_2025-09-24_17-01-46.avi,flight-006_00001
1758700917.9712582,0,0.8162174820899963,547,264,148,235,move_forward,50,80.0,0,0,0,340,56,flight-006,/Users/vishwanibhagya/Development/Capturing Video/DJITelloPy/djitellopy/dataset/flight-006/session_2025-09-24_17-01-46.avi,flight-006_00002
1758700919.970848,0,0.8452470898628235,549,269,163,249,move_forward,50,80.0,0,0,0,342,56,flight-006,/Users/vishwanibhagya/Development/Capturing Video/DJITelloPy/djitellopy/dataset/flight-006/session_2025-09-24_17-01-46.avi,flight-006_00003
1758700928.766069,0,0.869189441204071,539,294,159,269,move_forward,50,79.0,0,0,0,344,56,flight-006,/Users/vishwanibhagya/Development/Capturing Video/DJITelloPy/djitellopy/dataset/flight-006/session_2025-09-24_17-01-46.avi,flight-006_00004
1758700931.0621629,0,0.8886875510215759,535,315,170,287,move_forward,60,78.0,0,0,0,353,54,flight-006,/Users/vishwanibhagya/Development/Capturing Video/DJITelloPy/djitellopy/dataset/flight-006/session_2025-09-24_17-01-46.avi,flight-006_00005
1758700933.360945,0,0.8186886310577393,530,319,177,305,move_forward,60,77.5,0,0,0,355,54,flight-006,/Users/vishwanibhagya/Development/Capturing Video/DJITelloPy/djitellopy/dataset/flight-006/session_2025-09-24_17-01-46.avi,flight-006_00006
1758700935.593086,0,0.8512073755264282,520,327,175,323,move_forward,60,78.0,0,0,0,358,53,flight-006,/Users/vishwanibhagya/Development/Capturing Video/DJITelloPy/djitellopy/dataset/flight-006/session_2025-09-24_17-01-46.avi,flight-006_00007
1758700938.002476,0,0.8672581315040588,508,326,179,345,move_forward,50,78.0,0,0,0,360,52,flight-006,/Users/vishwanibhagya/Development/Capturing Video/DJITelloPy/djitellopy/dataset/flight-006/session_2025-09-24_17-01-46.avi,flight-006_00008
1758700940.496901,0,0.9061173796653748,506,347,194,370,move_forward,60,77.5,0,0,0,362,52,flight-006,/Users/vishwanibhagya/Development/Capturing Video/DJITelloPy/djitellopy/dataset/flight-006/session_2025-09-24_17-01-46.avi,flight-006_00009
1758700942.903203,0,0.8864648342132568,506,368,227,413,move_forward,60,77.5,0,0,0,365,51,flight-006,/Users/vishwanibhagya/Development/Capturing Video/DJITelloPy/djitellopy/dataset/flight-006/session_2025-09-24_17-01-46.avi,flight-006_00010
1758700944.790185,0,0.9113706350326538,519,343,253,454,move_forward,50,77.5,0,0,0,367,51,flight-006,/Users/vishwanibhagya/Development/Capturing Video/DJITelloPy/djitellopy/dataset/flight-006/session_2025-09-24_17-01-46.avi,flight-006_00011
1758700947.196033,0,0.9096621870994568,541,405,283,529,move_forward,50,77.0,0,0,0,369,50,flight-006,/Users/vishwanibhagya/Development/Capturing Video/DJITelloPy/djitellopy/dataset/flight-006/session_2025-09-24_17-01-46.avi,flight-006_00012
1758700949.8033931,0,0.9180147647857666,567,452,312,534,move_forward,60,77.0,0,0,0,372,50,flight-006,/Users/vishwanibhagya/Development/Capturing Video/DJITelloPy/djitellopy/dataset/flight-006/session_2025-09-24_17-01-46.avi,flight-006_00013
1758700952.100991,0,0.8873893618583679,577,445,338,546,move_forward,60,78.0,0,0,0,374,49,flight-006,/Users/vishwanibhagya/Development/Capturing Video/DJITelloPy/djitellopy/dataset/flight-006/session_2025-09-24_17-01-46.avi,flight-006_00014
1758700954.6032488,0,0.8964969515800476,612,455,450,526,move_right,60,77.0,0,0,0,376,49,flight-006,/Users/vishwanibhagya/Development/Capturing Video/DJITelloPy/djitellopy/dataset/flight-006/session_2025-09-24_17-01-46.avi,flight-006_00015
1758700957.100346,0,0.9462776184082032,484,442,414,551,move_forward,60,77.0,0,0,0,379,49,flight-006,/Users/vishwanibhagya/Development/Capturing Video/DJITelloPy/djitellopy/dataset/flight-006/session_2025-09-24_17-01-46.avi,flight-006_00016
1758700959.7013671,0,0.9410017132759094,442,463,437,514,move_forward,60,76.5,0,0,0,381,48,flight-006,/Users/vishwanibhagya/Development/Capturing Video/DJITelloPy/djitellopy/dataset/flight-006/session_2025-09-24_17-01-46.avi,flight-006_00017
1758700961.7050052,0,0.917962372303009,452,455,499,527,move_forward,60,77.0,0,0,0,384,48,flight-006,/Users/vishwanibhagya/Development/Capturing Video/DJITelloPy/djitellopy/dataset/flight-006/session_2025-09-24_17-01-46.avi,flight-006_00018
1758700966.0227149,0,0.9267446398735046,518,420,519,599,move_forward,50,76.5,0,0,0,386,47,flight-006,/Users/vishwanibhagya/Development/Capturing Video/DJITelloPy/djitellopy/dataset/flight-006/session_2025-09-24_17-01-46.avi,flight-006_00019
1758700968.537576,0,0.9521361589431764,711,462,496,514,move_right,60,76.5,0,0,0,390,47,flight-006,/Users/vishwanibhagya/Development/Capturing Video/DJITelloPy/djitellopy/dataset/flight-006/session_2025-09-24_17-01-46.avi,flight-006_00020
1758700971.026624,0,0.9417672157287598,588,431,460,574,move_right,60,76.0,0,0,0,393,46,flight-006,/Users/vishwanibhagya/Development/Capturing Video/DJITelloPy/djitellopy/dataset/flight-006/session_2025-09-24_17-01-46.avi,flight-006_00021
1758701027.038843,0,0.8094595074653625,512,264,105,185,move_forward,70,81.5,0,0,0,405,43,flight-007,/Users/vishwanibhagya/Development/Capturing Video/DJITelloPy/djitellopy/dataset/flight-007/session_2025-09-24_17-03-40.avi,flight-007_00000
1758701029.005706,0,0.848015546798706,513,275,111,199,move_forward,70,81.0,0,0,0,408,43,flight-007,/Users/vishwanibhagya/Development/Capturing Video/DJITelloPy/djitellopy/dataset/flight-007/session_2025-09-24_17-03-40.avi,flight-007_00001
